ID,Prénom Nom,Poste,Entreprise,Genre,Secteur,Type simulation,Difficulté,Langue,Template,Créé le
scenario_1771506976,Sandrine Mercier,Assistante de direction,Château de Bellevue,F,Agroalimentaire,barrage_secretaire,Intermédiaire,fr,OUI,2026-02-19 13:16:16
scenario_1771523175,Martine Masson,Directrice de production et associée minoritaire,Terroir & Saveurs du Périgord,F,Agroalimentaire,barrage_secretaire,Intermédiaire,fr,NON,2026-02-19 17:46:15
scenario_1771524569,Élodie Robert,Directrice des Achats et Approvisionnements,Saveurs du Terroir SAS,F,Agroalimentaire,barrage_secretaire,Intermédiaire,fr,NON,2026-02-19 18:09:29
scenario_1771521912,Sylvain Merlot,Directeur Général,Conserverie du Val d'Anjou,M,Agroalimentaire,gestion_reclamation,Débutant,fr,NON,2026-02-19 17:25:12
sc_multi_gerant_resprod_iot,Jean-Marc Faure,Gérant,Faure & Fils Transformation,M,Agroalimentaire,multi_interlocuteurs,Avancé,fr,OUI,2026-02-25 11:21:22
scenario_1771521157,Alain Mercier,Directeur Général,Fromageries du Val d'Othe,M,Agroalimentaire,negociation,Avancé,fr,NON,2026-02-19 17:12:37
scenario_1771521540,Bruno Mercier,Directeur des Achats Indirects & Prestations,Groupe Savéal,M,Agroalimentaire,negociation,Avancé,fr,NON,2026-02-19 17:19:00
scenario_1771522232,Stéphane Mercier,Directeur des Achats & Approvisionnements,Groupe Savéal,M,Agroalimentaire,negociation,Avancé,fr,NON,2026-02-19 17:30:32
scenario_1771522546,Thierry Monteil,Directeur de production et associé,Les Délices du Périgord,M,Agroalimentaire,negociation,Avancé,fr,NON,2026-02-19 17:35:46
scenario_1771511293,Claire Dubois,Directrice d'exploitation,Ferme des Trois Chênes,F,Agroalimentaire,rdv_one_to_one,Intermédiaire,fr,OUI,2026-02-19 14:28:13
scenario_1771519801,Charlotte Michel,Directrice de production et co-gérante,Salaisons Delmotte & Fils,F,Agroalimentaire,rdv_one_to_one,Intermédiaire,fr,NON,2026-02-19 16:50:01
scenario_1771520813,Stéphane Delcourt,Directeur des Achats et Qualité Fournisseurs,Groupe Savéol,M,Agroalimentaire,rdv_one_to_one,Intermédiaire,fr,NON,2026-02-19 17:06:53
scenario_1771522874,Christophe Mercier,Directeur Industriel & Supply Chain,Groupe Savéol Agrotech,M,Agroalimentaire,rdv_one_to_one,Intermédiaire,fr,NON,2026-02-19 17:41:14
scenario_1771520207,Stéphane Mercier,Directeur Achats et Approvisionnements,Groupe Terroirs & Saveurs,M,Agroalimentaire,rdv_physique,Intermédiaire,fr,NON,2026-02-19 16:56:47
scenario_1771520498,Christophe Delmotte,Directeur Général,Conserverie du Val d'Eure,M,Agroalimentaire,relance_devis,Débutant,fr,NON,2026-02-19 17:01:38
scenario_1771518830,Catherine Moreau,Responsable achats et administration,Cabinet d'architectes Bertrand & Associés,F,Artisanat,gestion_reclamation,Débutant,fr,OUI,2026-02-19 16:33:50
scenario_1771511910,David Moreau,Responsable maintenance et travaux,Fresnel Logistique,M,Artisanat,negociation,Avancé,fr,OUI,2026-02-19 14:38:30
scenario_1771511764,Didier Moreau,Gérant,Plomberie Moreau & Fils,M,Artisanat,rdv_one_to_one,Intermédiaire,fr,OUI,2026-02-19 14:36:04
scenario_1771520198,Marie Dubois,Secrétaire de direction,Garage Montparnasse Auto,F,Automobile,barrage_secretaire,Intermédiaire,fr,OUI,2026-02-19 16:56:38
scenario_1771520343,Thierry Marchand,Directeur de concession automobile,Autosphere Marchand,M,Automobile,barrage_secretaire,Intermédiaire,fr,NON,2026-02-19 16:59:03
scenario_1771520683,Laurent Desmarest,Directeur des Achats Groupe,Groupe Automotive Services France,M,Automobile,barrage_secretaire,Intermédiaire,fr,NON,2026-02-19 17:04:43
scenario_1771518202,Christophe Merlier,Directeur de concession / Gérant associé,Groupe Merlier Automobiles,M,Automobile,negociation,Avancé,fr,NON,2026-02-19 16:23:22
scenario_1771518580,Thierry Masdeboeuf,Directeur des Achats et Services Groupe,Groupe Horizon Auto,M,Automobile,negociation,Avancé,fr,NON,2026-02-19 16:29:40
scenario_1771518978,Stéphane Mercier,Directeur de concession / Gérant associé,Concession Mercier Automobiles,M,Automobile,negociation,Avancé,fr,NON,2026-02-19 16:36:18
scenario_1771519374,Christophe Delorme,Directeur des Achats et de la Supply Chain Groupe,Groupe Autonord,M,Automobile,negociation,Avancé,fr,NON,2026-02-19 16:42:54
scenario_1771519653,Christophe Verlaine,Directeur de concession,Automobiles Verlaine & Associés,M,Automobile,negociation,Avancé,fr,NON,2026-02-19 16:47:33
scenario_1771524593,Philippe Mercier,Directeur de concession,Automobiles Mercier & Fils,M,Automobile,negociation,Avancé,fr,NON,2026-02-19 18:09:53
scenario_1771517792,Thierry Masseron,Directeur Achats Groupe,Groupe Horizon Auto,M,Automobile,rdv_one_to_one,Intermédiaire,fr,NON,2026-02-19 16:16:32
scenario_1771523753,Thierry Marchand,Directeur et copropriétaire,Marchand Automobiles,M,Automobile,rdv_one_to_one,Intermédiaire,fr,NON,2026-02-19 17:55:53
scenario_1771524203,Christophe Delorme,Directeur des Achats Groupe,Groupe Horizon Auto,M,Automobile,rdv_physique,Intermédiaire,fr,NON,2026-02-19 18:03:23
scenario_1771524496,Stéphane Mercier,Directeur général,Mercier Auto Plus,M,Automobile,relance_devis,Débutant,fr,OUI,2026-02-19 18:08:16
sc_industrie_maintenance,Sylvie Moreau,Assistante de direction,Bâticonst Leroy,F,BTP / Construction,barrage_secretaire,Intermédiaire,fr,OUI,2026-02-15T12:06:54.822592
scenario_1771508661,Christophe Mercier,Gérant,Mercier Bâtiment & Rénovation,M,BTP / Construction,barrage_secretaire,Intermédiaire,fr,NON,2026-02-19 13:44:21
scenario_1771508789,Christophe Mercier,Directeur Technique,Bâtipro Île-de-France,M,BTP / Construction,barrage_secretaire,Intermédiaire,fr,NON,2026-02-19 13:46:29
scenario_1771514575,Franck Tessier,Gérant,Tessier Maçonnerie & Fils,M,BTP / Construction,barrage_secretaire,Intermédiaire,fr,NON,2026-02-19 15:22:55
scenario_1771514728,Laurent Mercier,Directeur Technique,Bâti-Ouest Constructions,M,BTP / Construction,barrage_secretaire,Intermédiaire,fr,NON,2026-02-19 15:25:28
scenario_1771524219,Christophe Merlier,Gérant,Merlier TP & Bâtiment,M,BTP / Construction,barrage_secretaire,Intermédiaire,fr,NON,2026-02-19 18:03:39
scenario_1771524700,Thierry Marchand,Directeur Travaux,Bâtipro Réalisations,M,BTP / Construction,barrage_secretaire,Intermédiaire,fr,NON,2026-02-19 18:11:40
scenario_1771508040,Christophe Ferrand,Gérant,Ferrand Bâtiment,M,BTP / Construction,gestion_reclamation,Débutant,fr,NON,2026-02-19 13:34:00
scenario_1771513934,Didier Montclair,Gérant,Montclair Maçonnerie & Fils,M,BTP / Construction,gestion_reclamation,Débutant,fr,NON,2026-02-19 15:12:14
sc_energie_solaire_artisan,Stéphane Moreau,Gérant,Moreau Menuiseries,M,BTP / Construction,negociation,Avancé,fr,OUI,2026-02-15T12:06:54.822277
scenario_1771507740,Christophe Mercier,Gérant,Mercier Bâtiment Services,M,BTP / Construction,negociation,Avancé,fr,NON,2026-02-19 13:29:00
scenario_1771507885,Christophe Delorme,Directeur Technique,Bâti-Concept Île-de-France,M,BTP / Construction,negociation,Avancé,fr,NON,2026-02-19 13:31:25
scenario_1771508202,Christophe Malherbe,Directeur Travaux,Groupe Bérault Construction,M,BTP / Construction,negociation,Avancé,fr,NON,2026-02-19 13:36:42
scenario_1771508350,Christophe Ferreira,Gérant,FERREIRA BTP & ASSOCIÉS,M,BTP / Construction,negociation,Avancé,fr,NON,2026-02-19 13:39:10
scenario_1771513626,Patrick Delorme,Gérant,Delorme Bâtiment,M,BTP / Construction,negociation,Avancé,fr,NON,2026-02-19 15:07:06
scenario_1771513775,Mélanie Simon,Directrice Technique,Bâti-Ouest Construction,F,BTP / Construction,negociation,Avancé,fr,NON,2026-02-19 15:09:35
scenario_1771514123,Émilie Vincent,Directrice Technique & Travaux,Bâtiplan Construct,F,BTP / Construction,negociation,Avancé,fr,NON,2026-02-19 15:15:23
scenario_1771514266,Didier Magnard,Gérant,Magnard TP & Rénovation,M,BTP / Construction,negociation,Avancé,fr,NON,2026-02-19 15:17:46
scenario_1771522270,Stéphane Mercier,Gérant,Mercier Bâtiment & Rénovation,M,BTP / Construction,negociation,Avancé,fr,NON,2026-02-19 17:31:10
scenario_1771522592,Franck Delorme,Directeur Travaux,Bâtigroupe Occitanie,M,BTP / Construction,negociation,Avancé,fr,NON,2026-02-19 17:36:32
scenario_1771523582,Didier Marchetti,Gérant,Marchetti Bâtiment & Rénovation,M,BTP / Construction,negociation,Avancé,fr,NON,2026-02-19 17:53:02
scenario_1771524883,Christophe Mercier,Directeur Travaux,Bouygues Bâtiment Île-de-France,M,BTP / Construction,negociation,Avancé,fr,NON,2026-02-19 18:14:43
sc_batiment_isolation,Sandrine Petit,Gestionnaire de copropriété,Cabinet Immobilier Anjou,F,BTP / Construction,prospection_telephonique,Intermédiaire,fr,OUI,2026-02-15T12:06:54.821928
scenario_1771504624,Michel Dufresne,Directeur général,Habitat Confort Normandie,M,BTP / Construction,rdv_one_to_one,Intermédiaire,fr,OUI,2026-02-19 12:37:04
scenario_1771507131,Didier Fourcade,Gérant,Fourcade Bâtiment & Rénovation,M,BTP / Construction,rdv_one_to_one,Intermédiaire,fr,NON,2026-02-19 13:18:51
scenario_1771507584,Stéphane Martineau,Directeur Technique,Bâtitech Auvergne,M,BTP / Construction,rdv_one_to_one,Intermédiaire,fr,NON,2026-02-19 13:26:24
scenario_1771508513,Stéphane Mercier,Directeur Technique,Bâtibat Île-de-France,M,BTP / Construction,rdv_one_to_one,Intermédiaire,fr,NON,2026-02-19 13:41:53
scenario_1771513046,Thierry Blanchard,Gérant,Blanchard Bâtiment,M,BTP / Construction,rdv_one_to_one,Intermédiaire,fr,NON,2026-02-19 14:57:26
scenario_1771513458,Fabrice Monteil,Directeur Technique et Travaux,Bâtiloire Construction,M,BTP / Construction,rdv_one_to_one,Intermédiaire,fr,NON,2026-02-19 15:04:18
scenario_1771514419,Laurent Mercier,Directeur Technique Région Sud-Ouest,Groupe Bâti-Construct,M,BTP / Construction,rdv_one_to_one,Intermédiaire,fr,NON,2026-02-19 15:20:19
scenario_1771520876,Anaïs David,Gérante,Dalberto Bâtiment,F,BTP / Construction,rdv_one_to_one,Intermédiaire,fr,NON,2026-02-19 17:07:56
scenario_1771521908,Stéphanie Bertrand,Directrice Travaux,Bâtiplan Construction,F,BTP / Construction,rdv_one_to_one,Intermédiaire,fr,NON,2026-02-19 17:25:08
scenario_1771523866,Stéphane Mercier,Directeur Technique et Travaux,Groupe Bâti-Ouest,M,BTP / Construction,rdv_one_to_one,Intermédiaire,fr,NON,2026-02-19 17:57:46
scenario_1771507277,Christophe Moreau,Directeur Technique Régional,Batiloire Construction,M,BTP / Construction,rdv_physique,Intermédiaire,fr,NON,2026-02-19 13:21:17
scenario_1771513184,Christophe Delmotte,Directeur Travaux,Bâti-Expansion Centre,M,BTP / Construction,rdv_physique,Intermédiaire,fr,NON,2026-02-19 14:59:44
scenario_1771521187,Christophe Mercier,Directeur Technique,Bâti-Confort Île-de-France,M,BTP / Construction,rdv_physique,Intermédiaire,fr,NON,2026-02-19 17:13:07
scenario_1771507430,Patrick Moretti,Gérant,Moretti TP & Rénovation,M,BTP / Construction,relance_devis,Débutant,fr,NON,2026-02-19 13:23:50
scenario_1771513317,Margaux Robert,Gérante,Mercier BTP & Associés,F,BTP / Construction,relance_devis,Débutant,fr,NON,2026-02-19 15:01:57
scenario_1771521576,Christophe Dalmont,Gérant,Dalmont Bâtiment,M,BTP / Construction,relance_devis,Débutant,fr,NON,2026-02-19 17:19:36
scenario_1771522287,Corinne Barthélémy,Assistante de direction et achats,Équip'Sports Passion,F,Commerce / Distribution,barrage_secretaire,Intermédiaire,fr,NON,2026-02-19 17:31:27
scenario_1771522660,Stéphane Mercier,Directeur des Achats Centraux,Distri'France,M,Commerce / Distribution,barrage_secretaire,Intermédiaire,fr,NON,2026-02-19 17:37:40
scenario_1771506324,Sylvie Moreau,Responsable achats et qualité,Hôtels des Pins,F,Commerce / Distribution,gestion_reclamation,Débutant,fr,OUI,2026-02-19 13:05:24
scenario_1771520898,Thierry Marrault,Directeur de réseau et associé,Marrault Optique & Audition,M,Commerce / Distribution,gestion_reclamation,Débutant,fr,NON,2026-02-19 17:08:18
scenario_1771506519,Philippe Mercier,Directeur technique,Électricité Roussel,M,Commerce / Distribution,negociation,Avancé,fr,OUI,2026-02-19 13:08:39
scenario_1771520234,Bruno Delvaux,Directeur de réseau et co-gérant,Esprit Jardin,M,Commerce / Distribution,negociation,Avancé,fr,NON,2026-02-19 16:57:14
scenario_1771520597,Stéphane Mercier,Directeur des Achats et Services Centraux,Proximarché Plus,M,Commerce / Distribution,negociation,Avancé,fr,NON,2026-02-19 17:03:17
scenario_1771521292,Laurent Deschamps,Directeur des Achats Centraux,Groupe Proximarché,M,Commerce / Distribution,negociation,Avancé,fr,NON,2026-02-19 17:14:52
scenario_1771521593,Christophe Leblanc,Directeur de réseau et associé,Espaces Déco,M,Commerce / Distribution,negociation,Avancé,fr,NON,2026-02-19 17:19:53
scenario_1771518895,Stéphane Marchand,Directeur de réseau et associé minoritaire,Esprit Nature,M,Commerce / Distribution,rdv_one_to_one,Intermédiaire,fr,NON,2026-02-19 16:34:55
scenario_1771519906,Christophe Mercier,Directeur des Achats Centraux,Distri-Ouest,M,Commerce / Distribution,rdv_one_to_one,Intermédiaire,fr,NON,2026-02-19 16:51:46
scenario_1771521970,Christophe Mercier,Directeur des Achats Département Frais et Produits Locaux,Distripro Alliance,M,Commerce / Distribution,rdv_one_to_one,Intermédiaire,fr,NON,2026-02-19 17:26:10
scenario_1771519205,Virginie Lambert,Directrice des Achats et Supply Chain,Optival Distribution,F,Commerce / Distribution,rdv_physique,Intermédiaire,fr,NON,2026-02-19 16:40:06
scenario_1771519536,Stéphane Mercier,Directeur de Réseau,Optique Vision Plus,M,Commerce / Distribution,relance_devis,Débutant,fr,NON,2026-02-19 16:45:36
scenario_1771506186,Sophie Moreau,Cogérante,Aux Délices de Sophie,F,Commerce de proximité,negociation,Avancé,fr,OUI,2026-02-19 13:03:06
scenario_1771504765,Marie-Claire Dubois,Directrice générale,Pressing Elite Services,F,Commerce de proximité,prospection_telephonique,Intermédiaire,fr,OUI,2026-02-25 12:51:26
scenario_1771519879,Céline Moreau,Directrice et propriétaire,Atelier Coiffure Moreau,F,Commerce de proximité,rdv_one_to_one,Intermédiaire,fr,OUI,2026-02-19 16:51:19
scenario_1771524686,Céline Moreau,Directrice générale,Les P'tits Loups,F,Commerce de proximité,rdv_physique,Intermédiaire,fr,OUI,2026-02-19 18:11:26
scenario_1771505706,Sylvie Moreau,Gérante et opticienne diplômée,Optique Vision Plus,F,Commerce de proximité,relance_devis,Débutant,fr,OUI,2026-02-19 12:55:06
scenario_1771518195,Mathilde Verstraete,Chef de projet digital senior,Oxymore Stratégies,F,Communication / Marketing,barrage_secretaire,Intermédiaire,fr,NON,2026-02-19 16:23:15
scenario_1771523875,Julien Mercier,Directeur associé,Atelier Verde,M,Communication / Marketing,gestion_reclamation,Débutant,fr,NON,2026-02-19 17:57:55
scenario_1771519210,Sophie Mercier,Directrice Marketing et Communication,Naturalia France,F,Communication / Marketing,negociation,Avancé,fr,OUI,2026-02-19 16:40:10
scenario_1771519595,Sylvain Moreau,Directeur général,Galeries du Faubourg,M,Communication / Marketing,negociation,Avancé,fr,OUI,2026-02-19 16:46:35
scenario_1771524229,Audrey Martin,Directrice du Développement & Grands Comptes,Axiom Communication Group,F,Communication / Marketing,negociation,Avancé,fr,NON,2026-02-19 18:03:49
scenario_1771524622,Stéphane Mercier,Directeur associé & Fondateur,Prisme & Cie,M,Communication / Marketing,negociation,Avancé,fr,NON,2026-02-19 18:10:22
scenario_1771524852,Laurent Mercier,Directeur du Développement & New Business,Kaleidoscope Group,M,Communication / Marketing,negociation,Avancé,fr,NON,2026-02-19 18:14:12
scenario_1771525198,Stéphane Lemercier,Directeur Général & Co-fondateur,Pixel & Sense,M,Communication / Marketing,negociation,Avancé,fr,NON,2026-02-19 18:19:58
scenario_1771517909,Sarah Rousseau,Directrice du Développement & Nouveaux Marchés,Virtuose Groupe,F,Communication / Marketing,rdv_one_to_one,Intermédiaire,fr,NON,2026-02-19 16:18:29
scenario_1771521909,Mathieu Derouet,Directeur et co-fondateur,Tangente Communication,M,Communication / Marketing,rdv_one_to_one,Intermédiaire,fr,NON,2026-02-19 17:25:09
scenario_1771522859,Matthieu Clermont,Directeur du Développement & Nouveaux Marchés,Artémis Communication Group,M,Communication / Marketing,rdv_one_to_one,Intermédiaire,fr,NON,2026-02-19 17:40:59
scenario_1771522238,Agathe David,Directrice du Développement,Artefact Communication,F,Communication / Marketing,rdv_physique,Intermédiaire,fr,NON,2026-02-19 17:30:38
scenario_1771522558,Chloé Moreau,Directrice Associée & fondateur,Mercier & Associés Communication,F,Communication / Marketing,relance_devis,Débutant,fr,NON,2026-02-19 17:35:58
scenario_1771520241,Véronique Garnier,Fondatrice - Associée gérante,Malherbe & Associés Conseil Patrimoine,F,Finance / Assurance,barrage_secretaire,Intermédiaire,fr,NON,2026-02-19 16:57:21
scenario_1771520609,Philippe Duvernet,Directeur du Développement Commercial,Patrimonia Conseil Régional,M,Finance / Assurance,barrage_secretaire,Intermédiaire,fr,NON,2026-02-19 17:03:29
scenario_1771523170,Véronique Tessier,Gérante,Tessier Assurances & Courtage,F,Finance / Assurance,barrage_secretaire,Intermédiaire,fr,NON,2026-02-19 17:46:10
scenario_1771524368,Aurélie Laurent,Experte-comptable associée gérante,Cabinet Dulac & Perrin,F,Finance / Assurance,barrage_secretaire,Intermédiaire,fr,NON,2026-02-19 18:06:08
scenario_1771524754,Thierry Barmont,Associé directeur,Cabinet Barmont & Associés,M,Finance / Assurance,barrage_secretaire,Intermédiaire,fr,NON,2026-02-19 18:12:34
scenario_1771525172,Stéphane Mérieux,Directeur Commercial et Marketing,Mutuelle Patrimoine Éthique,M,Finance / Assurance,barrage_secretaire,Intermédiaire,fr,NON,2026-02-19 18:19:32
scenario_1771518891,Philippe Derveaux,Fondateur & Associé Gérant,Patrimoine Conseils Associés,M,Finance / Assurance,gestion_reclamation,Débutant,fr,NON,2026-02-19 16:34:51
scenario_1771521784,Thierry Mercier,Gérant associé,Mercier & Associés Courtage,M,Finance / Assurance,gestion_reclamation,Débutant,fr,NON,2026-02-19 17:23:04
scenario_1771523025,Bernard Mercier,Expert-comptable associé gérant,Cabinet Mercier & Associés,M,Finance / Assurance,gestion_reclamation,Débutant,fr,NON,2026-02-19 17:43:45
sc_multi_cabinet_cogerants,Alice Morin,"Co-gérant, Expert-Comptable",Cabinet Leblanc & Martin,F,Finance / Assurance,multi_interlocuteurs,Avancé,fr,OUI,2026-02-25 11:21:22
sc_assurance_pro_tpe,Yannick Le Goff,Gérant,Le Comptoir Breton,M,Finance / Assurance,negociation,Avancé,fr,OUI,2026-02-15T12:06:54.821636
scenario_1771518057,Diane Dubois,Directrice générale,Logistique Rhône Express,F,Finance / Assurance,negociation,Avancé,fr,OUI,2026-02-19 16:20:57
scenario_1771518142,Christophe Delvaux,Fondateur & Associé gérant,Delvaux & Associés Patrimoine,M,Finance / Assurance,negociation,Avancé,fr,NON,2026-02-19 16:22:22
scenario_1771518499,Patricia Muller,Directrice du Développement et de l'Animation Réseau,Banque Régionale du Centre-Ouest (BRCO),F,Finance / Assurance,negociation,Avancé,fr,NON,2026-02-19 16:28:19
scenario_1771519309,Stéphane Mercier,Directeur du Développement et du Réseau,Banque Régionale Aquitaine Patrimoine,M,Finance / Assurance,negociation,Avancé,fr,NON,2026-02-19 16:41:49
scenario_1771519611,Stéphane Mercadier,Fondateur & Associé Gérant,Mercadier Patrimoine Conseil,M,Finance / Assurance,negociation,Avancé,fr,NON,2026-02-19 16:46:51
scenario_1771521139,Laurence Martinez,Gérante associée,Mercier & Associés Courtage,F,Finance / Assurance,negociation,Avancé,fr,NON,2026-02-19 17:12:19
scenario_1771521446,Laure Michel,Directrice Commerciale & Distribution,Mutuelle Prévoir Auvergne,F,Finance / Assurance,negociation,Avancé,fr,NON,2026-02-19 17:17:26
scenario_1771522138,Françoise Sanchez,Directrice Commerciale et de la Distribution,Protelia Assurances,F,Finance / Assurance,negociation,Avancé,fr,NON,2026-02-19 17:28:58
scenario_1771522380,Mathieu Durieux,Expert-comptable associé,Durieux & Lefranc Expertise Comptable,M,Finance / Assurance,negociation,Avancé,fr,NON,2026-02-19 17:33:00
scenario_1771522510,Camille Faure,Gérante - Directrice d'agence,Delorme Courtage & Patrimoine,F,Finance / Assurance,negociation,Avancé,fr,NON,2026-02-19 17:35:10
scenario_1771522703,Stéphane Mercier,Associé directeur,Mercier & Associés Expertise Comptable,M,Finance / Assurance,negociation,Avancé,fr,NON,2026-02-19 17:38:23
scenario_1771523598,Léa Lefebvre,Experte-comptable associée gérante,Cabinet Mercier & Associés,F,Finance / Assurance,negociation,Avancé,fr,NON,2026-02-19 17:53:18
scenario_1771525019,Olivier Desmarais,Associé Directeur,Desmarais & Associés,M,Finance / Assurance,negociation,Avancé,fr,NON,2026-02-19 18:16:59
sc_comptabilite_cabinet,Juliette Perrin,"Expert-Comptable, associé fondateur",Cabinet Garneau & Associés,F,Finance / Assurance,prospection_telephonique,Intermédiaire,fr,OUI,2026-02-15T12:06:54.822066
scenario_1771517562,Sophie Bertrand,Directrice générale,Optique Lumière,F,Finance / Assurance,rdv_one_to_one,Intermédiaire,fr,OUI,2026-02-19 16:12:42
scenario_1771517757,Sylvain Moreau,Directeur général,Plastiques Européens,M,Finance / Assurance,rdv_one_to_one,Intermédiaire,fr,OUI,2026-02-19 16:15:57
scenario_1771517760,Thierry Delcourt,Directeur du Développement Commercial Régional,Banque Mutuelle du Centre-Ouest,M,Finance / Assurance,rdv_one_to_one,Intermédiaire,fr,NON,2026-02-19 16:16:00
scenario_1771518825,Sylvie Moreau,Responsable RH et Administration,Jardinerie Les Serres Dorées,F,Finance / Assurance,rdv_one_to_one,Intermédiaire,fr,OUI,2026-02-19 16:33:45
scenario_1771519770,Fabrice Deltour,Gérant associé,Deltour & Associés Courtage,M,Finance / Assurance,rdv_one_to_one,Intermédiaire,fr,NON,2026-02-19 16:49:30
scenario_1771519934,Éric Delmotte,Directeur du Développement Commercial et des Réseaux,Banque Régionale de l'Ouest Patrimoine,M,Finance / Assurance,rdv_one_to_one,Intermédiaire,fr,NON,2026-02-19 16:52:14
scenario_1771520740,Léna Richard,Directrice Commerciale et Distribution,Mutuelle Provence Santé,F,Finance / Assurance,rdv_one_to_one,Intermédiaire,fr,NON,2026-02-19 17:05:40
scenario_1771520988,Philippe Mestre,Expert-comptable associé gérant,Cabinet Mestre & Associés,M,Finance / Assurance,rdv_one_to_one,Intermédiaire,fr,NON,2026-02-19 17:09:48
scenario_1771522054,Laurent Desmarais,Associé directeur,Cabinet Montaigne & Associés,M,Finance / Assurance,rdv_one_to_one,Intermédiaire,fr,NON,2026-02-19 17:27:35
scenario_1771522830,Sylvain Herbault,Directeur Commercial Régional,Mutuelle Solidarité Prévoyance,M,Finance / Assurance,rdv_one_to_one,Intermédiaire,fr,NON,2026-02-19 17:40:30
scenario_1771523585,Stéphane Berthelot,Associé fondateur et gérant,Berthelot & Associés Patrimoine,M,Finance / Assurance,rdv_one_to_one,Intermédiaire,fr,NON,2026-02-19 17:53:05
scenario_1771523939,Brigitte Henry,Associée Directrice,Cabinet Malherbe & Associés,F,Finance / Assurance,rdv_one_to_one,Intermédiaire,fr,NON,2026-02-19 17:58:59
scenario_1771520075,Nathalie Martin,Directrice Commerciale et Marketing,Mutuelle Solidarité Régions,F,Finance / Assurance,rdv_physique,Intermédiaire,fr,NON,2026-02-19 16:54:35
scenario_1771521332,Stéphane Durieux,Associé directeur,Fiduciaire Durieux & Associés,M,Finance / Assurance,rdv_physique,Intermédiaire,fr,NON,2026-02-19 17:15:32
scenario_1771523916,Thierry Montarnal,Directeur du Développement Commercial,Patrimoine & Conseil Associés,M,Finance / Assurance,rdv_physique,Intermédiaire,fr,NON,2026-02-19 17:58:36
scenario_1771520401,Marion Bonnet,Gérante-associée,Monteil & Partenaires Assurances,F,Finance / Assurance,relance_devis,Débutant,fr,NON,2026-02-19 17:00:01
scenario_1771521673,Stéphane Marchand,Expert-comptable associé,Cabinet Marchand & Delorme,M,Finance / Assurance,relance_devis,Débutant,fr,NON,2026-02-19 17:21:13
scenario_1771524235,Isabelle Richard,Fondatrice & Associée Gérante,Varenne & Associés Conseil Patrimonial,F,Finance / Assurance,relance_devis,Débutant,fr,NON,2026-02-19 18:03:55
scenario_1771521131,Stéphane Delorme,Gérant - Directeur pédagogique,FormaPro Développement,M,Formation / RH,barrage_secretaire,Intermédiaire,fr,NON,2026-02-19 17:12:11
scenario_1771521172,Stéphane Mercier,Directeur et cofondateur,TalentMatch Partners,M,Formation / RH,barrage_secretaire,Intermédiaire,fr,NON,2026-02-19 17:12:52
scenario_1771521488,Stéphane Malherbe,Directeur du Développement et des Partenariats,FormaPlus Compétences,M,Formation / RH,barrage_secretaire,Intermédiaire,fr,NON,2026-02-19 17:18:08
scenario_1771521515,Laurent Meunier,Directeur des Opérations,Flexiwork Intérim,M,Formation / RH,barrage_secretaire,Intermédiaire,fr,NON,2026-02-19 17:18:35
scenario_1771519776,Sandrine Delcourt,Gérante et responsable pédagogique,FormaPro Compétences,F,Formation / RH,gestion_reclamation,Débutant,fr,NON,2026-02-19 16:49:36
scenario_1771519870,Sandrine Mercier,Directrice et cofondatrice,Altitude Talents,F,Formation / RH,gestion_reclamation,Débutant,fr,NON,2026-02-19 16:51:10
sc_multi_drh_dirformation_lms,Isabelle Moreau,Directrice des Ressources Humaines,Nexgen Services,F,Formation / RH,multi_interlocuteurs,Avancé,fr,OUI,2026-02-25 11:21:22
scenario_1771519033,Stéphane Leclerc,Directeur et co-fondateur,FormaCap Conseil,M,Formation / RH,negociation,Avancé,fr,NON,2026-02-19 16:37:13
scenario_1771519142,Cécile Lambert,Directrice Associée,Mercier & Associés Recrutement,F,Formation / RH,negociation,Avancé,fr,NON,2026-02-19 16:39:02
scenario_1771519476,Agnès Chevalier,Directrice du Développement et des Partenariats,Compétences & Territoires Formation,F,Formation / RH,negociation,Avancé,fr,NON,2026-02-19 16:44:36
scenario_1771519522,Laurent Mercier,Directeur des Opérations,Flexiwork Solutions,M,Formation / RH,negociation,Avancé,fr,NON,2026-02-19 16:45:22
scenario_1771520108,Valérie Dermoncourt,Directrice Pédagogique et Innovation,FormaExcel Groupe,F,Formation / RH,negociation,Avancé,fr,NON,2026-02-19 16:55:08
scenario_1771520245,Stéphane Mercier,Directeur des Opérations,TalentConnect France,M,Formation / RH,negociation,Avancé,fr,NON,2026-02-19 16:57:25
scenario_1771520483,Stéphane Mercier,Directeur général et fondateur,Compétences & Transitions,M,Formation / RH,negociation,Avancé,fr,NON,2026-02-19 17:01:23
scenario_1771520515,Stéphane Mercier,Directeur associé et fondateur,TalentLink Conseil,M,Formation / RH,negociation,Avancé,fr,NON,2026-02-19 17:01:55
sc_formation_management,Nathalie Rousseau,Responsable Formation et Développement des Compétences,TransLog Express,F,Formation / RH,prospection_telephonique,Intermédiaire,fr,OUI,2026-02-15T12:06:54.822385
sc_services_rh_cabinet,Catherine Lefèvre,Directrice des Ressources Humaines,Distri-Ouest,F,Formation / RH,prospection_telephonique,Intermédiaire,fr,OUI,2026-02-15T12:06:54.822920
scenario_1771518709,Véronique Marsaud,Directrice Pédagogique et Innovation,Formaplus Compétences,F,Formation / RH,rdv_one_to_one,Intermédiaire,fr,NON,2026-02-19 16:31:49
scenario_1771518767,Stéphane Mercier,Directeur des Opérations,Flexis Intérim Services,M,Formation / RH,rdv_one_to_one,Intermédiaire,fr,NON,2026-02-19 16:32:47
scenario_1771520835,Stéphane Mercier,Directeur Commercial et Développement,Talents & Compétences Groupe,M,Formation / RH,rdv_one_to_one,Intermédiaire,fr,NON,2026-02-19 17:07:15
scenario_1771520839,Stéphane Mercier,Directeur du Développement et de l'Innovation Pédagogique,Groupe FormÉvolution,M,Formation / RH,rdv_one_to_one,Intermédiaire,fr,NON,2026-02-19 17:07:19
scenario_1771521731,Stéphane Berthelot,Directeur Général & Co-fondateur,Experteo Recrutement,M,Formation / RH,rdv_one_to_one,Intermédiaire,fr,NON,2026-02-19 17:22:11
scenario_1771524538,Véronique Deschamps,Gérante et Directrice pédagogique,Compétences & Développement Formation,F,Formation / RH,rdv_one_to_one,Intermédiaire,fr,NON,2026-02-19 18:08:58
scenario_1771517916,Stéphane Mercier,Directeur du Développement et de l'Innovation Pédagogique,Groupe FormaVenir,M,Formation / RH,rdv_physique,Intermédiaire,fr,NON,2026-02-19 16:18:36
scenario_1771518048,Stéphane Delorme,Directeur Commercial & Développement,Atrium Intérim & Recrutement,M,Formation / RH,rdv_physique,Intermédiaire,fr,NON,2026-02-19 16:20:48
scenario_1771518323,Dominique Morel,Directrice et co-fondatrice,Compétences & Transitions,F,Formation / RH,relance_devis,Débutant,fr,NON,2026-02-19 16:25:23
scenario_1771518381,Laurent Mercier,Directeur associé,Talents & Stratégies,M,Formation / RH,relance_devis,Débutant,fr,NON,2026-02-19 16:26:21
scenario_1771506823,Sophie Moreau,Assistante de direction,Les Comptoirs de Margot,F,Hôtellerie / Restauration,barrage_secretaire,Intermédiaire,fr,OUI,2026-02-19 13:13:43
scenario_1771522376,Michèle Thomas,Propriétaire-Gérante,Hôtel-Restaurant Le Clos des Vignes,F,Hôtellerie / Restauration,barrage_secretaire,Intermédiaire,fr,NON,2026-02-19 17:32:56
scenario_1771522681,Pauline Simon,Directrice Achats & Approvisionnements,Groupe Hôtelier Patrimoine & Charme,F,Hôtellerie / Restauration,barrage_secretaire,Intermédiaire,fr,NON,2026-02-19 17:38:01
scenario_1771521289,Patrick Vermeulen,Propriétaire-Directeur,Groupe Hôtelier Les Trois Tilleuls,M,Hôtellerie / Restauration,gestion_reclamation,Débutant,fr,NON,2026-02-19 17:14:49
scenario_1771524878,Thierry Beaumont,Propriétaire-Directeur,Hôtel-Restaurant Le Relais des Cèdres,M,Hôtellerie / Restauration,gestion_reclamation,Débutant,fr,NON,2026-02-19 18:14:38
scenario_1771520395,Thierry Vendramin,Propriétaire-Directeur,Hôtels Les Tilleuls,M,Hôtellerie / Restauration,negociation,Avancé,fr,NON,2026-02-19 16:59:55
scenario_1771520681,Lucie Thomas,Directrice des Achats Groupe,Hôtels & Résidences Azur,F,Hôtellerie / Restauration,negociation,Avancé,fr,NON,2026-02-19 17:04:41
scenario_1771521321,Valérie Bresson,Directrice des Achats Groupe,Hôtels Première Vue,F,Hôtellerie / Restauration,negociation,Avancé,fr,NON,2026-02-19 17:15:21
scenario_1771521652,Thierry Marchand,Propriétaire-Gérant,Hôtel-Restaurant Le Bellevue,M,Hôtellerie / Restauration,negociation,Avancé,fr,NON,2026-02-19 17:20:52
scenario_1771506682,Catherine Morel,Directrice générale,Hôtel Le Grand Cerf,F,Hôtellerie / Restauration,rdv_one_to_one,Intermédiaire,fr,OUI,2026-02-19 13:11:22
scenario_1771519958,Stéphane Mercier,Directeur des Achats Groupe,Horizon Hospitality,M,Hôtellerie / Restauration,rdv_one_to_one,Intermédiaire,fr,NON,2026-02-19 16:52:38
scenario_1771521312,Mathilde Perrin,Propriétaire-Directrice,Hôtel Le Grand Cèdre & Restaurant La Table du Cèdre,F,Hôtellerie / Restauration,rdv_one_to_one,Intermédiaire,fr,NON,2026-02-19 17:15:12
scenario_1771522064,Stéphane Mercier,Directeur Achats & Approvisionnements Groupe,Hôtels & Résidences Azuria,M,Hôtellerie / Restauration,rdv_one_to_one,Intermédiaire,fr,NON,2026-02-19 17:27:44
scenario_1771524375,Stéphane Moreau,Propriétaire-Gérant,Hôtel Le Clos du Parc & Restaurant Les Glycines,M,Hôtellerie / Restauration,rdv_one_to_one,Intermédiaire,fr,NON,2026-02-19 18:06:15
scenario_1771519278,Stéphane Mercier,Directeur des Achats Groupe,Hôtels & Patrimoine Prestige,M,Hôtellerie / Restauration,rdv_physique,Intermédiaire,fr,NON,2026-02-19 16:41:18
scenario_1771519716,Stéphane Bertrand,Propriétaire-Gérant,Hôtel-Restaurant Le Manoir des Cèdres,M,Hôtellerie / Restauration,relance_devis,Débutant,fr,NON,2026-02-19 16:48:36
scenario_1771523774,Stéphane Mercier,Directeur d'agence / Gérant,Mercier Immobilier & Transactions,M,Immobilier,barrage_secretaire,Intermédiaire,fr,NON,2026-02-19 17:56:14
scenario_1771524075,Valérie Benoît,Directrice Commerciale Groupe,Reseau Habitat Plus,F,Immobilier,barrage_secretaire,Intermédiaire,fr,NON,2026-02-19 18:01:15
scenario_1771522992,Inès Robin,Directrice d'agence et associée,Mercier & Associés Immobilier,F,Immobilier,gestion_reclamation,Débutant,fr,NON,2026-02-19 17:43:12
scenario_1771522381,Stéphane Mercier,Gérant & Agent immobilier titulaire de la carte T,Mercier Immobilier & Associés,M,Immobilier,negociation,Avancé,fr,NON,2026-02-19 17:33:01
scenario_1771522694,Stéphane Malherbe,Directeur du Développement et des Partenariats,Groupe Patrimoine & Résidences,M,Immobilier,negociation,Avancé,fr,NON,2026-02-19 17:38:14
scenario_1771524736,Stéphane Mercier,Directeur Commercial & Développement,Hexagone Immobilier Réseau,M,Immobilier,negociation,Avancé,fr,NON,2026-02-19 18:12:16
scenario_1771525088,Sophie Thomas,Directrice d'agence et associée,Vermeulen & Associés Immobilier,F,Immobilier,negociation,Avancé,fr,NON,2026-02-19 18:18:08
sc_immobilier_promoteur,Laurent Kervadec,Directeur Commercial,Kervadec Promotion,M,Immobilier,prospection_telephonique,Avancé,fr,OUI,2026-02-15T12:06:54.822492
scenario_1771520958,Christophe Bernadin,Gérant et agent immobilier titulaire de la carte T,Bernadin Immobilier & Associés,M,Immobilier,rdv_one_to_one,Intermédiaire,fr,NON,2026-02-19 17:09:18
scenario_1771521959,Stéphane Mercier,Directeur Commercial & Développement,Patrimoine & Transactions Réseau,M,Immobilier,rdv_one_to_one,Intermédiaire,fr,NON,2026-02-19 17:25:59
scenario_1771524403,Stéphane Delcourt,Directeur du Développement Commercial,Patrimoine & Territoires,M,Immobilier,rdv_one_to_one,Intermédiaire,fr,NON,2026-02-19 18:06:43
scenario_1771511447,Noémie Nicolas,Directrice d'agence,Immobilier Confluences,F,Immobilier,rdv_physique,Intermédiaire,fr,OUI,2026-02-19 14:30:47
scenario_1771521288,Mathieu Derville,Directeur Commercial & Développement,Groupe Patrimoine & Habitat,M,Immobilier,rdv_physique,Intermédiaire,fr,NON,2026-02-19 17:14:48
scenario_1771511594,Sylvain Moreau,Directeur général,Foncière Val de Loire,M,Immobilier,relance_devis,Débutant,fr,OUI,2026-02-19 14:33:14
scenario_1771521637,Stéphane Mercier,Directeur et co-gérant,Mercier & Associés Immobilier,M,Immobilier,relance_devis,Débutant,fr,NON,2026-02-19 17:20:37
scenario_1771520535,Valérie Montet,Assistante de Direction du Directeur des Achats et du Directeur Industriel,Techniplast Industries,F,Industrie,barrage_secretaire,Intermédiaire,fr,NON,2026-02-19 17:02:15
sc_multi_erp_daf_dsi,Florence François,Directrice Administrative et Financière,Métallux Industries,F,Industrie,multi_interlocuteurs,Avancé,fr,OUI,2026-02-25 11:21:22
scenario_1771512686,Stéphane Mercier,Directeur Industriel,Plastiform Industrie,M,Industrie,rdv_one_to_one,Intermédiaire,fr,NON,2026-02-19 14:51:26
scenario_1771522421,Valérie Marchand,Assistante juridique senior,Cabinet Delvaux & Associés,F,Juridique,barrage_secretaire,Intermédiaire,fr,NON,2026-02-19 17:33:41
scenario_1771522726,Justine Durand,Directrice Administrative et Financière,Mercier & Associés,F,Juridique,barrage_secretaire,Intermédiaire,fr,NON,2026-02-19 17:38:46
scenario_1771520380,Matthieu Delvaux,Avocat associé - Managing Partner,Delvaux & Associés,M,Juridique,negociation,Avancé,fr,NON,2026-02-19 16:59:40
scenario_1771520678,Jean-Marc Villepinte,Directeur Administratif et Financier,Cabinet Morel & Associés,M,Juridique,negociation,Avancé,fr,NON,2026-02-19 17:04:38
scenario_1771521347,Bertrand Lacroix,Associé senior et responsable administratif,Lacroix & Partenaires Avocats,M,Juridique,negociation,Avancé,fr,NON,2026-02-19 17:15:47
scenario_1771521748,Bertrand Lemercier,Avocat associé - Managing Partner,Lemercier & Associés,M,Juridique,negociation,Avancé,fr,NON,2026-02-19 17:22:28
scenario_1771518967,Stéphane Mercier,Avocat associé - Managing Partner,Mercier & Delacroix Avocats,M,Juridique,rdv_one_to_one,Intermédiaire,fr,NON,2026-02-19 16:36:07
scenario_1771520082,Stéphane Mercier,Directeur Administratif et Financier,Cabinet Mercier & Associés,M,Juridique,rdv_one_to_one,Intermédiaire,fr,NON,2026-02-19 16:54:42
scenario_1771522078,Thierry Dubreuil,Directeur Administratif et Financier,Cabinet Lefèvre & Associés,M,Juridique,rdv_one_to_one,Intermédiaire,fr,NON,2026-02-19 17:27:58
scenario_1771519334,Bertrand Malherbe,Directeur Administratif et Financier,"Malherbe, Roussel & Associés",M,Juridique,rdv_physique,Intermédiaire,fr,NON,2026-02-19 16:42:14
scenario_1771519659,Olivier Berthelot,Avocat associé - Managing Partner,Cabinet Berthelot & Associés,M,Juridique,relance_devis,Débutant,fr,NON,2026-02-19 16:47:39
scenario_1771519038,Didier Marconnet,Directeur médical et associé majoritaire,Clinique Saint-Augustin,M,Santé / Médical,barrage_secretaire,Intermédiaire,fr,NON,2026-02-19 16:37:18
scenario_1771519414,Véronique Mercier,Directrice des Achats et de la Logistique,Groupe Clinique Santé Nouvelle,F,Santé / Médical,barrage_secretaire,Intermédiaire,fr,NON,2026-02-19 16:43:34
scenario_1771512240,Catherine Moreau,Pharmacienne titulaire,Pharmacie des Tilleuls,F,Santé / Médical,gestion_reclamation,Débutant,fr,OUI,2026-02-19 14:44:00
scenario_1771505998,Caroline Rousseau,Directrice administrative et financière,Centre Dentaire Excellence Lyon,F,Santé / Médical,negociation,Avancé,fr,OUI,2026-02-19 12:59:58
scenario_1771512546,Marie-Claire Dubois,Directrice générale,Groupement Pharma Centre-Loire,F,Santé / Médical,negociation,Avancé,fr,OUI,2026-02-19 14:49:06
scenario_1771517904,Véronique Tessier,Directrice des Achats et Approvisionnements,Groupe Santé Plus (GSP),F,Santé / Médical,negociation,Avancé,fr,NON,2026-02-19 16:18:24
scenario_1771518344,Amandine Fontaine,Médecin directrice et associée,Clinique Saint-Roch,F,Santé / Médical,negociation,Avancé,fr,NON,2026-02-19 16:25:44
scenario_1771524037,Jean-Marc Valentin,Médecin directeur et associé,Clinique Saint-Rémy,M,Santé / Médical,negociation,Avancé,fr,NON,2026-02-19 18:00:37
scenario_1771524437,Philippe Marboeuf,Directeur des Achats et des Affaires Économiques,Groupe Clinique Santé Avenir,M,Santé / Médical,negociation,Avancé,fr,NON,2026-02-19 18:07:17
sc_medical_equipement,Isabelle Morin,"Médecin généraliste, gérante de la SCM",Cabinet Médical des Tilleuls,F,Santé / Médical,prospection_telephonique,Intermédiaire,fr,OUI,2026-02-15T12:06:54.822697
scenario_1771505851,Philippe Moreau,Directeur associé,Centre Kinesport Confluence,M,Santé / Médical,rdv_one_to_one,Intermédiaire,fr,OUI,2026-02-19 12:57:31
scenario_1771518688,Véronique Damprat,Directrice Qualité et Gestion des Risques,Groupe Hospitalier Valsanté,F,Santé / Médical,rdv_one_to_one,Intermédiaire,fr,NON,2026-02-19 16:31:28
scenario_1771523029,Christophe Bertin,Médecin directeur et associé,Clinique Saint-Augustin,M,Santé / Médical,rdv_one_to_one,Intermédiaire,fr,NON,2026-02-19 17:43:49
scenario_1771523615,Thierry Mouranche,Directeur des Achats et de la Logistique,Groupe Cliniques Santé Sud-Ouest,M,Santé / Médical,rdv_one_to_one,Intermédiaire,fr,NON,2026-02-19 17:53:35
scenario_1771524911,Valérie Deschamps,Directrice des Achats et de la Logistique,Groupe Clinique Val de Loire,F,Santé / Médical,rdv_physique,Intermédiaire,fr,NON,2026-02-19 18:15:11
scenario_1771525272,Étienne Maréchal,Directeur médical et associé,Clinique Sainte-Anne,M,Santé / Médical,relance_devis,Débutant,fr,NON,2026-02-19 18:21:12
scenario_1771512877,Julie Boyer,Directrice générale,Protect Lyon Événements,F,Services aux entreprises,barrage_secretaire,Intermédiaire,fr,OUI,2026-02-19 14:54:37
scenario_1771516308,Élisabeth Blanc,Gérante,Propreté Services Île-de-France,F,Services aux entreprises,barrage_secretaire,Intermédiaire,fr,NON,2026-02-19 15:51:48
scenario_1771521030,Christophe Dalmas,Gérant,Netpro Services,M,Services aux entreprises,barrage_secretaire,Intermédiaire,fr,NON,2026-02-19 17:10:30
scenario_1771521422,Stéphane Mercier,Directeur des Opérations,Proxiservices France,M,Services aux entreprises,barrage_secretaire,Intermédiaire,fr,NON,2026-02-19 17:17:02
scenario_1771509766,Christophe Merlier,Gérant,MERLIER ÉQUIPEMENTS INDUSTRIELS,M,Services aux entreprises,gestion_reclamation,Débutant,fr,NON,2026-02-19 14:02:46
scenario_1771515710,Céline Thomas,Gérante,Mercier Courtage & Assurances,F,Services aux entreprises,gestion_reclamation,Débutant,fr,NON,2026-02-19 15:41:50
scenario_1771519715,Didier Montagne,Gérant,Technolab Conseil,M,Services aux entreprises,gestion_reclamation,Débutant,fr,NON,2026-02-19 16:48:35
scenario_1771509490,Laurent Mercier,Gérant,Propreté Services Confluence,M,Services aux entreprises,negociation,Avancé,fr,NON,2026-02-19 13:58:10
scenario_1771509647,Corinne Guérin,Directrice des Opérations,Hexaservices Group,F,Services aux entreprises,negociation,Avancé,fr,NON,2026-02-19 14:00:47
scenario_1771509909,Christine Thomas,Directrice des Opérations Groupe,Hexagone Services Plus,F,Services aux entreprises,negociation,Avancé,fr,NON,2026-02-19 14:05:09
scenario_1771510052,Franck Demaison,Gérant,ADEX Conseil & Audit,M,Services aux entreprises,negociation,Avancé,fr,NON,2026-02-19 14:07:32
scenario_1771512096,Marie-Claire Fontaine,Directrice des Achats et Services Généraux,Logistique Express Rhône,F,Services aux entreprises,negociation,Avancé,fr,OUI,2026-02-19 14:41:36
scenario_1771515437,Laurent Mercier,Gérant,MultiServices Horizon,M,Services aux entreprises,negociation,Avancé,fr,NON,2026-02-19 15:37:17
scenario_1771515574,Stéphane Mercier,Directeur des Opérations,Techliance Services,M,Services aux entreprises,negociation,Avancé,fr,NON,2026-02-19 15:39:34
scenario_1771515896,Laurent Mercier,Directeur des Opérations,Hexalog Services,M,Services aux entreprises,negociation,Avancé,fr,NON,2026-02-19 15:44:56
scenario_1771516031,Jérôme Beaufort,Gérant,Beaufort Espaces Verts & Paysage,M,Services aux entreprises,negociation,Avancé,fr,NON,2026-02-19 15:47:11
scenario_1771518990,Stéphane Mercier,Gérant,Pronet Services,M,Services aux entreprises,negociation,Avancé,fr,NON,2026-02-19 16:36:30
scenario_1771519337,Anne David,Directrice des Opérations,Novatis Services,F,Services aux entreprises,negociation,Avancé,fr,NON,2026-02-19 16:42:17
scenario_1771520037,Stéphane Mercier,Directeur des Opérations,Logipro Services,M,Services aux entreprises,negociation,Avancé,fr,NON,2026-02-19 16:53:57
scenario_1771520365,Philippe Marchetti,Gérant,Techni-Prod Services,M,Services aux entreprises,negociation,Avancé,fr,NON,2026-02-19 16:59:25
scenario_1771517273,Stéphane Moreau,Directeur Commercial,Sogeprest Équipements,M,Services aux entreprises,prospection_telephonique,Intermédiaire,fr,NON,2026-02-19 16:07:53
scenario_1771508940,Bruno Castelain,Gérant,Azur Propreté Services,M,Services aux entreprises,rdv_one_to_one,Intermédiaire,fr,NON,2026-02-19 13:49:00
scenario_1771509360,Stéphane Mercier,Directeur des Opérations,Proxiservices France,M,Services aux entreprises,rdv_one_to_one,Intermédiaire,fr,NON,2026-02-19 13:56:00
scenario_1771510245,Stéphane Mercadier,Directeur des Opérations,Hexaserv Solutions,M,Services aux entreprises,rdv_one_to_one,Intermédiaire,fr,NON,2026-02-19 14:10:46
scenario_1771514873,Rachid Benkhaled,Gérant,RB Services Propreté,M,Services aux entreprises,rdv_one_to_one,Intermédiaire,fr,NON,2026-02-19 15:27:53
scenario_1771515281,Stéphane Mercier,Directeur des Opérations,Hexaserv Solutions,M,Services aux entreprises,rdv_one_to_one,Intermédiaire,fr,NON,2026-02-19 15:34:41
scenario_1771516192,Stéphane Mercier,Directeur des Opérations,Groupe Altice Services,M,Services aux entreprises,rdv_one_to_one,Intermédiaire,fr,NON,2026-02-19 15:49:52
scenario_1771518632,Stéphane Mercier,Directeur des Opérations,Axeo Services,M,Services aux entreprises,rdv_one_to_one,Intermédiaire,fr,NON,2026-02-19 16:30:32
scenario_1771520746,Stéphane Mercier,Directeur des Opérations,Optimservices Groupe,M,Services aux entreprises,rdv_one_to_one,Intermédiaire,fr,NON,2026-02-19 17:05:46
scenario_1771525016,Christophe Mercier,Gérant,Hygiène Services Atlantique,M,Services aux entreprises,rdv_one_to_one,Intermédiaire,fr,NON,2026-02-19 18:16:56
scenario_1771509097,Stéphane Mercier,Directeur des Opérations,Groupe Hexaservices,M,Services aux entreprises,rdv_physique,Intermédiaire,fr,NON,2026-02-19 13:51:37
scenario_1771515010,Stéphane Mercier,Directeur des Opérations,Proxiservices France,M,Services aux entreprises,rdv_physique,Intermédiaire,fr,NON,2026-02-19 15:30:10
scenario_1771517892,Stéphane Mercier,Directeur des Opérations,Axione Services,M,Services aux entreprises,rdv_physique,Intermédiaire,fr,NON,2026-02-19 16:18:12
scenario_1771509237,Karim Benkhaled,Gérant,Net'Pro Services,M,Services aux entreprises,relance_devis,Débutant,fr,NON,2026-02-19 13:53:57
scenario_1771515138,Didier Vermeulen,Gérant,Net & Sûr Services,M,Services aux entreprises,relance_devis,Débutant,fr,NON,2026-02-19 15:32:18
scenario_1771518284,Stéphane Mercier,Gérant,SécuriClean Services,M,Services aux entreprises,relance_devis,Débutant,fr,NON,2026-02-19 16:24:44
scenario_1771518045,Matthieu Delcourt,CTO & Co-fondateur,Nexaflow,M,Tech / SaaS,barrage_secretaire,Intermédiaire,fr,NON,2026-02-19 16:20:45
scenario_1771518505,Thomas Mercier,Directeur des Systèmes d'Information,Streamify Solutions,M,Tech / SaaS,barrage_secretaire,Intermédiaire,fr,NON,2026-02-19 16:28:25
scenario_1771519186,Stéphane Mercier,Directeur Technique et Associé,Nexiom Solutions,M,Tech / SaaS,barrage_secretaire,Intermédiaire,fr,NON,2026-02-19 16:39:46
scenario_1771519529,Catherine Thomas,Directrice Commerciale,Nexxwave Solutions,F,Tech / SaaS,barrage_secretaire,Intermédiaire,fr,NON,2026-02-19 16:45:29
scenario_1771518226,Karim Belhadj,Directeur Technique et Associé,NextLink Solutions,M,Tech / SaaS,gestion_reclamation,Débutant,fr,NON,2026-02-19 16:23:46
scenario_1771523769,Maxime Delvaux,CEO & Co-fondateur,Streamly,M,Tech / SaaS,gestion_reclamation,Débutant,fr,NON,2026-02-19 17:56:09
sc_multi_dirco_daf_crm,Marie Clément,Directrice Commerciale,DataPulse,F,Tech / SaaS,multi_interlocuteurs,Avancé,fr,OUI,2026-02-25 11:21:22
scenario_1771518082,Manon Rousseau,Directrice des Systèmes d'Information,Axolink Solutions,F,Tech / SaaS,negociation,Avancé,fr,NON,2026-02-19 16:21:22
scenario_1771518439,Stéphane Mercier,Directeur Général et Associé,Nexium Solutions,M,Tech / SaaS,negociation,Avancé,fr,NON,2026-02-19 16:27:19
scenario_1771523153,Thomas Mercier,CEO & Co-fondateur,Streamly,M,Tech / SaaS,negociation,Avancé,fr,NON,2026-02-19 17:45:53
scenario_1771524083,Emma Bonnet,Directrice Technique et Associée,Nexiom Solutions,F,Tech / SaaS,negociation,Avancé,fr,NON,2026-02-19 18:01:23
scenario_1771524090,Laurent Mercier,Directeur des Systèmes d'Information,Optimia Logistics,M,Tech / SaaS,negociation,Avancé,fr,NON,2026-02-19 18:01:30
scenario_1771524443,Stéphane Mercier,Directeur Commercial,Nexxia Telecom Services,M,Tech / SaaS,negociation,Avancé,fr,NON,2026-02-19 18:07:23
scenario_1771524509,Mathieu Delorme,CEO & Co-fondateur,Skillbridge,M,Tech / SaaS,negociation,Avancé,fr,NON,2026-02-19 18:08:29
scenario_1771525355,Stéphane Mercier,Directeur des Systèmes d'Information,TechFlow Solutions,M,Tech / SaaS,negociation,Avancé,fr,NON,2026-02-19 18:22:35
sc_ecommerce_agence,Amandine Vasseur,Directrice Marketing et E-commerce,Natur'Essentielle,F,Tech / SaaS,prospection_telephonique,Intermédiaire,fr,OUI,2026-02-15T12:06:54.822175
sc_saas_cybersecurite,Marc Duvernet,Directeur des Systèmes d'Information,Pharma Loire Laboratoires,M,Tech / SaaS,prospection_telephonique,Avancé,fr,OUI,2026-02-15T12:06:54.822807
scenario_1771498354,Stéphane Duteil,Directeur des Opérations,Nexalys Solutions,M,Tech / SaaS,prospection_telephonique,Intermédiaire,fr,NON,2026-02-19 10:52:34
scenario_1771522112,Carole Sanchez,Directrice des Systèmes d'Information,Streamflow Solutions,F,Tech / SaaS,prospection_telephonique,Intermédiaire,fr,NON,2026-02-19 17:28:32
scenario_1771525018,Stéphane Mercier,Directeur Commercial,Nexacom Solutions,M,Tech / SaaS,prospection_telephonique,Intermédiaire,fr,NON,2026-02-19 18:16:58
scenario_1771517750,Mehdi Benkirane,Directeur des Systèmes d'Information,Nexaflow Solutions,M,Tech / SaaS,rdv_one_to_one,Intermédiaire,fr,NON,2026-02-19 16:15:50
scenario_1771521779,Matthieu Delamare,CTO & co-fondateur,Keypilot,M,Tech / SaaS,rdv_one_to_one,Intermédiaire,fr,NON,2026-02-19 17:22:59
scenario_1771523132,Séverine Nicolas,Directrice Générale & Associé,Nexalis Solutions,F,Tech / SaaS,rdv_one_to_one,Intermédiaire,fr,NON,2026-02-19 17:45:32
scenario_1771518791,Alexandra Blanc,Directrice des Systèmes d'Information,Logitrans France,F,Tech / SaaS,relance_devis,Débutant,fr,NON,2026-02-19 16:33:11
scenario_1771522431,Karine Richard,CEO & Co-fondateur,Streamline Solutions,F,Tech / SaaS,relance_devis,Débutant,fr,NON,2026-02-19 17:33:51
scenario_1771522862,Mathieu Delaroche,Directeur des Systèmes d'Information,Nimbus Solutions,M,Tech / SaaS,relance_devis,Débutant,fr,NON,2026-02-19 17:41:02
scenario_1771523724,Stéphane Mercier,Directeur Commercial,Altéis Solutions,M,Tech / SaaS,relance_devis,Débutant,fr,NON,2026-02-19 17:55:24
scenario_1771525306,Stéphane Mercier,Directeur Général,Nexium Technologies,M,Tech / SaaS,relance_devis,Débutant,fr,NON,2026-02-19 18:21:46
scenario_1771518223,Sandrine Merlot,Assistante d'exploitation,Transports Mercier & Fils,F,Transport / Logistique,barrage_secretaire,Intermédiaire,fr,NON,2026-02-19 16:23:43
scenario_1771518543,Laurent Mercier,Directeur Supply Chain & Logistique,TransEuro Distribution,M,Transport / Logistique,barrage_secretaire,Intermédiaire,fr,NON,2026-02-19 16:29:03
scenario_1771525295,Thierry Marchand,Gérant,Transports Marchand & Fils,M,Transport / Logistique,gestion_reclamation,Débutant,fr,NON,2026-02-19 18:21:35
scenario_1771523183,Franck Delamare,Gérant,Transports Delamare & Fils,M,Transport / Logistique,negociation,Avancé,fr,NON,2026-02-19 17:46:27
scenario_1771523734,Estelle François,Directrice Supply Chain & Opérations,Transgarde Logistique,F,Transport / Logistique,negociation,Avancé,fr,NON,2026-02-19 17:55:34
scenario_1771523993,Christophe Demont,Gérant - Directeur d'exploitation,Transports Demont & Fils,M,Transport / Logistique,negociation,Avancé,fr,NON,2026-02-19 17:59:53
scenario_1771525017,Nadia Gauthier,Directrice Supply Chain & Opérations,TransLog Distribution,F,Transport / Logistique,negociation,Avancé,fr,NON,2026-02-19 18:16:57
sc_transport_flotte,Valérie Simon,Directrice Générale,Transports Louvel & Fils,F,Transport / Logistique,prospection_telephonique,Intermédiaire,fr,OUI,2026-02-15T12:06:54.823006
scenario_1771505443,Sophie Martineau,Directrice Administrative et Financière,Cabinet Juridique Roussel & Associés,F,Transport / Logistique,rdv_one_to_one,Intermédiaire,fr,OUI,2026-02-19 12:50:43
scenario_1771517764,Stéphane Mercadier,Directeur Supply Chain & Optimisation des Flux,TransEurop Logistics,M,Transport / Logistique,rdv_one_to_one,Intermédiaire,fr,NON,2026-02-19 16:16:04
scenario_1771521819,Pascal Dervieux,Gérant,Trans'Eure Express,M,Transport / Logistique,rdv_one_to_one,Intermédiaire,fr,NON,2026-02-19 17:23:39
scenario_1771522858,Nadine Gauthier,Directrice Supply Chain & Excellence Opérationnelle,LogiTransit France,F,Transport / Logistique,rdv_one_to_one,Intermédiaire,fr,NON,2026-02-19 17:40:58
scenario_1771522224,Laurent Mercier,Directeur Supply Chain & Logistique,Transprologis France,M,Transport / Logistique,rdv_physique,Intermédiaire,fr,NON,2026-02-19 17:30:24
scenario_1771505061,Marc Bertrand,Directeur d'exploitation,Fruits de Loire Distribution,M,Transport / Logistique,relance_devis,Débutant,fr,OUI,2026-02-19 12:44:21
scenario_1771522524,Morgane Roussel,Gérante,Transports Bonnefoy & Fils,F,Transport / Logistique,relance_devis,Débutant,fr,NON,2026-02-19 17:35:24
scenario_1771519121,Sandrine Vincent,Directrice Technique et Associée,SolarTech Solutions,F,Énergie / Environnement,barrage_secretaire,Intermédiaire,fr,NON,2026-02-19 16:38:41
scenario_1771519471,Laurent Meunier,Directeur des Achats Groupe,Énergies Services Territoires (EST),M,Énergie / Environnement,barrage_secretaire,Intermédiaire,fr,NON,2026-02-19 16:44:31
scenario_1771525151,Claire Muller,Gérante,Helios Concept,F,Énergie / Environnement,gestion_reclamation,Débutant,fr,NON,2026-02-19 18:19:11
scenario_1771517977,Stéphane Mercier,Directeur des Achats et de la Performance Fournisseurs,Envipro Services,M,Énergie / Environnement,negociation,Avancé,fr,NON,2026-02-19 16:19:37
scenario_1771518355,Stéphane Moreau,Gérant,EcoTech Ingénierie,M,Énergie / Environnement,negociation,Avancé,fr,NON,2026-02-19 16:25:55
scenario_1771524258,Delphine Thomas,Gérante et Directrice technique,Solaire Pro Développement,F,Énergie / Environnement,negociation,Avancé,fr,NON,2026-02-19 18:04:18
scenario_1771524731,Stéphane Mercier,Directeur des Achats et de la Performance,Ecoflex Énergies,M,Énergie / Environnement,negociation,Avancé,fr,NON,2026-02-19 18:12:11
scenario_1771518763,Valérie Fourcade,Directrice Achats Indirects & Services,Enerbio Services,F,Énergie / Environnement,rdv_one_to_one,Intermédiaire,fr,NON,2026-02-19 16:32:43
scenario_1771523004,Hélène Faure,Directrice Technique et Associée,SolaireTech Solutions,F,Énergie / Environnement,rdv_one_to_one,Intermédiaire,fr,NON,2026-02-19 17:43:24
scenario_1771523921,Béatrice Nicolas,Directrice Achats & Services Généraux,Enercop Services,F,Énergie / Environnement,rdv_one_to_one,Intermédiaire,fr,NON,2026-02-19 17:58:41
scenario_1771525175,Corinne Delvaux,Directrice des Achats Groupe,Valtys Énergies,F,Énergie / Environnement,rdv_physique,Intermédiaire,fr,NON,2026-02-19 18:19:35
scenario_1771523593,Marc Dufresne,Directeur Technique & Associé,Hélio Solutions,M,Énergie / Environnement,relance_devis,Débutant,fr,NON,2026-02-19 17:53:13
scenario_1771512409,Sophie Martineau,Directrice des Achats et Événements,Cabinet Durand & Associés,F,Événementiel / Loisirs,negociation,Avancé,fr,OUI,2026-02-19 14:46:49
scenario_1771518496,Catherine Moreau,Directrice des Services Techniques,Commune de Sainte-Foy-lès-Lyon,F,Événementiel / Loisirs,negociation,Avancé,fr,OUI,2026-02-19 16:28:16
